zip_code,transactions_count,customers_count,avg_transactions,avg_sales_amount,public_transportation_pct
01105,24,16,1,5938.324458333333,7.1
01129,9,6,1,13246.658333333335,0.0
01605,13,10,1,5503.45276923077,5.4
01610,11,11,1,10900.900363636365,5.9
01905,13,10,1,481.52876923076917,12.4
02109,12,8,1,10067.491000000002,18.3
02114,12,10,1,24460.826166666662,22.0
02119,12,10,1,6159.991500000001,41.6
02124,15,9,1,6933.991866666668,36.7
02142,23,17,1,513.4686956521739,24.4
02163,32,17,1,13986.866999999997,33.7
02453,11,10,1,3675.4457272727263,7.9
02458,19,14,1,12034.728684210524,9.9
02472,14,12,1,518.5621428571428,16.4
02745,17,12,1,7268.814705882353,1.2
02905,11,9,1,10914.537,8.8
02912,18,12,1,4113.324444444444,1.4
04109,19,12,1,5580.254684210527,24.3
06105,10,7,1,524.9907,13.5
06120,15,11,1,7360.6577333333325,25.9
06510,14,10,1,537.1333571428571,8.8
06606,23,13,1,7813.4698260869545,8.6
06705,21,16,1,519.0377142857142,3.9
06825,11,9,1,6431.35490909091,9.1
06854,25,18,1,3909.191,16.6
06905,8,7,1,543.7407499999999,8.4
07104,18,14,1,5237.213277777779,28.4
07112,20,13,1,525.9902499999998,27.8
07208,17,13,1,7253.520764705882,13.8
07305,25,15,1,1917.5907999999993,37.5
07310,15,12,1,522.6568666666666,75.7
07505,29,19,1,2629.818586206898,28.7
07522,19,12,1,7396.307315789472,13.6
08104,17,12,1,514.6962941176471,17.4
08608,10,7,1,498.4906,14.9
08619,13,10,1,14170.761076923074,4.5
08638,15,11,1,6192.657933333333,6.6
10004,41,25,1,10613.406292682923,59.3
10009,27,16,1,10987.398888888885,59.5
10014,32,17,1,2176.55321875,52.7
10019,14,9,1,5171.419571428573,43.2
10024,29,18,1,6031.3703448275855,70.7
10029,15,8,1,20335.325666666668,69.9
10034,24,16,1,3704.365750000002,68.3
10039,14,9,1,5974.634071428572,76.6
10280,31,21,1,6634.829967741933,49.8
10305,20,13,1,3433.240550000001,35.2
10310,20,15,1,14784.491799999998,27.7
10454,26,15,1,10594.992038461534,73.0
10459,29,18,1,6803.440068965519,67.9
10464,18,11,1,524.4347222222221,21.5
10469,19,10,1,6573.674842105264,46.4
10474,18,11,1,4144.990944444447,57.4
10606,12,10,1,9117.491000000004,19.4
10705,12,10,1,5916.65825,36.2
11024,21,14,1,1806.8956666666663,20.6
11205,24,17,1,8209.99175,61.2
11210,14,11,1,534.275857142857,56.1
11215,42,20,2,3885.8242380952393,67.8
11220,20,13,1,2229.491149999999,61.8
11225,23,14,1,8706.513347826089,71.9
11231,22,15,1,5275.218636363638,63.5
11236,15,11,1,9673.325399999998,54.3
11355,11,7,1,532.7173636363635,43.3
11436,18,14,1,7731.102666666667,43.0
12205,19,9,2,6523.148842105264,3.1
12210,13,9,1,3181.529769230768,18.6
12222,22,14,1,514.5364090909092,16.8
12305,20,13,1,3482.4908500000006,8.7
13205,31,22,1,6585.797580645159,14.6
13210,22,17,1,3467.2637727272736,11.5
13224,14,9,1,4679.991071428571,3.9
14210,19,19,1,3266.306631578947,5.6
14215,11,6,1,16028.17372727273,16.6
14220,10,8,1,573.9902,4.6
14225,17,11,1,21155.287352941174,1.6
14604,12,10,1,537.49025,6.4
14609,22,16,1,9305.901136363635,5.7
14614,7,6,1,474.27599999999995,0.0
14619,9,7,1,13196.659111111112,9.1
14624,17,12,1,4337.049529411765,0.2
14905,20,15,1,7620.991399999999,1.3
15205,18,12,1,517.2125,11.8
15210,25,21,1,9871.591239999994,20.8
15215,12,9,1,11956.658833333333,4.7
15220,18,11,1,16846.102833333327,11.8
15225,17,14,1,5022.638235294119,1.6
15235,15,12,1,9961.325266666665,7.2
15906,15,13,1,13440.658866666667,4.7
16505,13,11,1,23121.53123076923,1.2
16510,10,9,1,9969.9912,1.5
17110,16,13,1,5823.428875,3.7
18018,13,11,1,5776.145153846155,2.8
18505,16,10,1,9832.179312499999,0.9
18706,12,10,1,573.3236666666666,1.1
19104,15,12,1,14416.6586,30.5
19115,20,15,1,3436.9909,12.9
19120,19,14,1,5926.833052631579,25.0
19125,25,14,1,12227.992079999998,25.0
19131,26,15,1,3079.2215,33.2
19136,19,14,1,2311.043684210526,15.5
19141,19,14,1,3646.8332105263153,36.0
19146,19,13,1,8398.412473684213,26.3
19151,18,9,2,4143.879722222225,38.9
19605,15,12,1,9357.99213333333,0.3
19610,7,7,1,9781.420571428574,0.4
19805,7,6,1,472.84742857142857,6.5
19810,13,9,1,14178.069384615383,3.5
20005,23,16,1,9215.426173913042,23.6
20010,26,16,1,4918.260307692308,48.6
20016,28,21,1,477.84742857142845,26.3
20036,16,11,1,4586.865750000003,33.1
20057,19,12,1,5401.04405263158,3.7
20319,19,13,1,15844.728999999998,5.7
20784,14,10,1,11682.849142857143,17.2
20816,27,18,1,522.5832592592592,10.6
20851,21,14,1,7680.467428571426,18.7
20904,21,14,1,3307.6099999999997,14.4
20910,23,15,1,5501.2951304347835,33.8
21211,18,11,1,4323.879833333333,8.4
21216,12,10,1,5939.158,25.9
21229,13,7,1,3201.5298461538455,16.3
21239,7,7,1,457.1334285714286,19.1
21405,14,11,1,466.4189999999999,8.7
22205,25,18,1,1915.9906799999992,18.4
22301,22,16,1,12048.173909090909,24.5
22309,13,8,1,5047.683384615384,12.0
22405,12,10,1,2779.157916666667,7.2
22903,25,16,1,4519.591120000003,7.3
23220,19,13,1,9504.201684210522,5.6
23225,18,11,1,13297.76911111111,2.0
23228,15,11,1,15780.658399999997,0.6
23237,13,10,1,5823.068923076924,0.2
23324,29,19,1,5656.887758620689,1.8
23436,25,17,1,5126.790840000002,0.0
23454,22,13,1,16322.719499999996,1.0
23459,13,9,1,12083.06869230769,0.0
23464,23,16,1,8042.16560869565,1.0
23504,11,7,1,549.9899999999999,13.0
23509,16,12,1,3756.241125,4.3
23551,25,14,1,12162.791799999999,5.5
23605,26,18,1,3024.2214999999997,3.6
23663,29,24,1,4862.060137931034,2.9
24014,21,15,1,5262.37261904762,1.5
24020,20,17,1,2248.240799999999,0.0
24503,8,7,1,581.2401249999999,0.4
25313,20,12,1,2244.4910499999996,0.3
25705,11,10,1,16245.446454545452,1.7
26505,15,10,1,16124.659066666665,4.7
27105,19,11,1,3958.4117368421084,4.3
27110,20,11,1,521.4903499999999,0.0
27409,10,8,1,15376.992299999998,0.7
27455,18,11,1,11656.380888888885,0.2
27605,17,10,1,14669.403882352943,2.5
27610,25,17,1,3109.1906799999997,3.2
27615,20,16,1,527.4904999999999,0.6
27705,18,12,1,14274.714555555554,4.5
28205,9,7,1,7738.880555555557,6.7
28210,23,15,1,4866.947739130434,3.7
28215,19,16,1,539.9906842105262,2.6
28278,12,7,1,564.9906666666667,0.7
28305,23,15,1,13280.209478260867,2.3
28314,20,13,1,12778.992399999996,0.4
28405,17,14,1,559.6961176470587,1.1
28805,13,10,1,11290.761769230769,0.5
29203,19,13,1,12858.939368421052,3.5
29208,25,15,1,12044.79164,3.9
29225,12,12,1,14509.575083333331,6.1
29403,16,10,1,543.1151874999999,3.2
29424,24,17,1,12756.241791666665,5.0
29505,15,10,1,9460.658533333331,0.0
29579,16,12,1,6539.366687500001,0.0
29605,27,17,1,10352.213703703701,0.9
29615,17,12,1,8179.991352941177,0.2
29625,18,11,1,6861.380000000001,0.2
29805,15,10,1,534.6569999999999,0.1
29905,22,16,1,508.39949999999993,0.0
30022,12,8,1,557.4901666666666,0.9
30033,19,10,1,11165.25531578947,7.6
30045,26,17,1,8318.068538461535,0.4
30066,10,7,1,9043.9916,0.1
30092,22,13,1,7295.900227272726,2.0
30096,15,13,1,4401.3243999999995,1.5
30306,13,11,1,554.6056153846152,1.8
30311,13,11,1,15858.453615384613,24.5
30316,16,11,1,9634.366687499998,6.0
30328,11,9,1,14205.446727272729,10.0
30336,14,10,1,7900.705571428573,0.0
30340,26,17,1,5684.606730769232,6.8
30506,17,13,1,12771.75682352941,0.2
30605,16,13,1,6459.366,5.4
30905,11,9,1,8293.627454545453,14.6
31210,21,14,1,3287.133952380953,0.2
31217,25,21,1,15246.392559999997,2.3
31405,16,12,1,11741.2415,2.7
31410,12,8,1,509.1570833333333,0.3
31605,11,7,1,529.0816363636363,0.0
31904,17,14,1,3566.4614705882345,0.9
32092,12,11,1,10005.82466666667,0.0
32118,17,12,1,523.5197647058823,2.2
32128,22,16,1,3185.445363636364,0.7
32204,15,12,1,445.9908666666667,2.8
32209,22,15,1,4415.445181818183,10.8
32220,25,18,1,22974.39272,0.1
32225,11,10,1,8271.809363636366,0.6
32244,19,15,1,3955.2545789473693,1.4
32259,16,12,1,10033.117062499996,0.0
32277,15,12,1,567.3238,3.3
32304,26,18,1,9671.52996153846,3.9
32309,12,11,1,482.07408333333325,0.2
32405,8,6,1,494.3655,2.5
32505,18,13,1,10366.93588888889,1.6
32511,18,11,1,2037.7685555555556,0.0
32526,23,16,1,13336.51330434782,0.1
32605,19,14,1,6842.623000000001,2.4
32803,17,12,1,3564.108882352941,0.9
32808,7,6,1,494.2765714285715,8.8
32819,14,11,1,25034.278285714277,1.7
32825,22,15,1,9093.173090909093,0.7
32830,7,6,1,26137.136285714285,0.0
32835,19,13,1,2323.1487894736833,1.7
32909,10,9,1,11979.9912,0.2
33013,18,12,1,10507.213777777777,2.3
33018,17,11,1,539.9901176470587,1.5
33023,29,21,1,2295.1631724137933,4.5
33028,14,11,1,14954.27857142857,0.8
33034,12,11,1,12954.158749999997,6.7
33064,31,21,1,7345.798129032256,1.9
33069,14,14,1,5414.276642857146,4.1
33129,14,11,1,3022.1339285714284,4.4
33134,13,10,1,2672.298692307692,3.9
33141,5,4,1,521.9906000000001,14.0
33142,22,14,1,510.89954545454543,11.1
33147,21,15,1,13630.46780952381,9.0
33158,11,10,1,544.5356363636363,2.3
33169,11,9,1,510.8994545454545,6.1
33175,18,11,1,8151.658444444445,1.2
33180,18,15,1,519.435,1.6
33185,9,9,1,8079.991666666669,0.7
33190,18,16,1,10023.324555555555,3.3
33196,13,11,1,15911.530153846154,2.6
33305,18,11,1,6260.546611111113,1.0
33315,14,9,1,560.7049285714285,2.3
33325,21,16,1,12967.135523809518,0.8
33330,16,14,1,12654.992624999997,0.0
33405,12,8,1,5929.158083333335,3.7
33411,22,17,1,493.172409090909,1.5
33432,29,18,1,12902.060793103443,1.8
33436,25,15,1,6916.99184,0.5
33462,19,13,1,5325.78052631579,2.8
33467,11,8,1,14082.71927272727,1.1
33487,16,12,1,11783.11675,1.9
33543,12,10,1,29144.159583333338,0.1
33605,16,12,1,9562.491624999997,7.5
33610,18,14,1,6064.435833333333,2.8
33615,20,14,1,6292.740600000001,1.8
33620,20,16,1,487.99055,0.2
33625,16,11,1,5843.116000000003,0.8
33647,14,10,1,501.0618571428571,0.4
33705,20,18,1,22095.992699999995,3.4
33710,20,14,1,541.4903999999999,1.3
33715,10,8,1,537.9900999999999,0.0
33763,15,12,1,5069.324533333335,2.1
33777,10,9,1,6300.9914,0.9
33805,20,15,1,4754.990850000003,1.2
33811,10,8,1,499.99039999999997,0.1
33884,18,11,1,11961.658,0.4
33913,24,19,1,26489.576583333328,0.3
33954,18,13,1,16181.658888888885,0.0
33972,13,9,1,16387.684307692307,0.2
33982,13,9,1,9342.29884615385,0.4
34102,19,14,1,5946.83357894737,1.0
34108,14,12,1,7049.991357142857,1.5
34114,20,15,1,9707.9918,0.2
34135,13,11,1,4514.606461538461,1.1
34205,15,13,1,2828.657666666666,2.3
34210,11,9,1,17159.993,1.1
34233,16,14,1,4580.303687499999,1.3
34238,16,12,1,6754.9916875,0.0
34474,13,8,1,537.6825384615383,0.1
34479,20,11,1,19197.492349999997,0.8
34949,12,10,1,9073.324916666666,0.6
34981,13,10,1,567.6826923076923,0.0
35205,15,10,1,22258.659399999997,1.6
35210,34,21,1,5808.226264705882,0.1
35215,14,10,1,6734.991857142857,0.5
35242,17,12,1,11087.050411764703,0.1
35244,9,8,1,7769.991333333334,0.0
35254,21,12,1,4579.514619047622,4.1
35405,22,12,1,3512.2640909090915,0.3
35805,17,15,1,4551.756294117648,1.8
35810,12,9,1,5924.991166666668,0.6
35905,11,8,1,6445.445636363639,0.0
36104,32,18,1,2917.64728125,2.1
36109,13,8,1,5531.52976923077,0.8
36205,10,9,1,514.9900999999999,0.0
36605,21,15,1,3621.8955238095236,1.2
36610,13,10,1,3207.6832307692307,3.4
37205,15,11,1,4433.991200000001,2.3
37210,28,24,1,5601.062607142856,4.2
37215,14,13,1,2961.062428571428,0.6
37220,12,10,1,10029.9915,0.9
37228,19,12,1,560.516947368421,1.1
37240,16,10,1,10681.866875000002,3.6
37405,15,9,1,6213.324266666667,0.2
37410,30,21,1,7704.658166666664,10.0
37416,25,19,1,7736.791199999998,0.0
37665,16,12,1,21784.368625,0.0
37914,18,11,1,513.3238333333334,2.1
37919,14,11,1,508.5620714285714,0.8
37924,24,20,1,10031.2415,0.2
37931,15,11,1,486.65693333333326,0.2
38104,15,12,1,549.3238,1.6
38109,22,13,1,6445.900409090907,2.0
38114,20,14,1,9518.991449999998,6.0
38119,15,12,1,502.3237333333333,0.0
38126,23,15,1,5496.947173913047,6.9
39204,28,18,1,5579.812714285713,2.2
39216,19,14,1,11761.570842105262,0.0
39305,24,18,1,26499.576166666662,0.0
39534,26,19,1,7644.991730769232,0.5
39705,18,14,1,526.6568333333332,0.0
40205,21,16,1,2024.276619047619,1.6
40210,12,9,1,5930.824666666667,12.5
40215,8,7,1,517.4901249999999,5.8
40220,19,12,1,521.5693157894736,1.2
40280,9,8,1,25978.88244444444,0.0
40505,11,8,1,11409.082999999999,3.9
40510,17,13,1,6559.108941176471,1.6
40515,17,11,1,4385.579117647059,0.2
43204,22,14,1,10919.991545454546,2.3
43210,21,16,1,12036.18214285714,9.6
43215,26,20,1,10079.799769230767,2.6
43220,17,12,1,7289.990941176471,2.5
43231,16,11,1,9853.116437499997,2.1
43240,20,13,1,15358.992699999993,0.0
43605,20,13,1,2226.9909499999985,2.7
43610,17,10,1,4322.343882352942,10.3
43615,21,14,1,4962.13419047619,1.0
44105,20,15,1,2244.991,10.5
44111,15,9,1,10451.658333333333,6.0
44118,15,10,1,538.6569333333332,3.6
44125,21,14,1,2196.18119047619,2.8
44130,17,14,1,535.2844705882353,1.4
44305,15,9,1,9669.325199999997,3.4
44310,19,14,1,5927.885789473685,3.4
44321,15,11,1,538.6571333333333,0.0
44485,11,10,1,547.2631818181818,0.5
44505,10,8,1,518.4905,2.0
44511,12,9,1,522.49025,1.7
44705,24,15,1,561.6569166666666,2.1
44710,21,15,1,8059.039619047618,3.0
44720,12,8,1,552.4905833333333,1.0
44905,10,8,1,482.9907,0.8
45203,18,12,1,488.8791666666666,21.6
45208,19,13,1,474.20115789473687,1.7
45213,13,11,1,8478.452769230771,4.5
45218,9,7,1,512.2130000000001,0.2
45223,31,18,1,5763.055903225808,10.8
45233,13,11,1,3179.221923076922,1.6
45238,9,7,1,478.87955555555556,4.0
45243,17,13,1,7292.932117647061,0.2
45249,12,8,1,10069.158333333333,0.5
45403,16,12,1,12049.36725,10.2
45414,20,12,1,9918.4915,1.7
45419,18,11,1,503.3236666666666,2.0
45426,16,11,1,9805.61675,5.9
45432,16,14,1,6408.116000000001,0.4
45440,15,11,1,6185.657733333336,0.3
45505,18,13,1,494.99061111111104,1.4
45807,18,12,1,11158.602666666666,0.0
46202,20,12,1,19585.242349999993,7.3
46216,13,10,1,3161.5296153846143,0.0
46221,14,12,1,5182.13392857143,0.4
46226,10,9,1,548.9903999999999,2.1
46231,12,10,1,5945.824250000001,0.6
46239,17,13,1,11577.63864705882,0.1
46254,23,15,1,7677.383130434781,2.2
46278,15,10,1,4835.324466666667,0.0
46406,12,11,1,33990.826916666665,4.8
46614,16,10,1,514.6778749999999,1.1
46805,21,14,1,9634.75361904762,1.9
46814,19,14,1,13508.939263157896,0.2
46825,16,12,1,3803.7409999999986,0.2
47306,12,8,1,527.49025,1.2
47405,16,13,1,7679.991062500001,9.6
47712,23,18,1,8188.68704347826,0.3
47725,12,7,1,5408.324833333333,0.0
47805,20,14,1,12232.991850000002,0.2
47905,19,13,1,6516.833315789474,1.5
48076,19,13,1,5725.255052631579,1.3
48092,18,13,1,10294.992166666667,0.3
48098,22,14,1,3499.9915454545453,0.3
48126,16,12,1,7482.803937500002,0.6
48206,24,16,1,7418.324541666665,14.4
48211,13,10,1,539.9902307692306,5.9
48217,21,16,1,5949.038619047618,8.6
48224,21,16,1,4213.086000000003,9.5
48335,12,9,1,9809.575416666668,1.2
48505,13,8,1,15179.607615384615,8.1
48604,19,13,1,5334.201315789474,0.4
48609,17,10,1,16156.463294117646,0.0
48912,16,12,1,17104.055375,5.6
49006,22,16,1,11646.355454545452,3.4
49048,15,13,1,519.3239333333333,1.8
49444,16,10,1,7695.616000000001,0.9
49505,14,11,1,14814.277214285714,3.3
49544,16,10,1,11769.3664375,3.8
50310,14,10,1,11181.420357142855,2.6
50315,24,18,1,5702.074583333334,1.9
50320,16,13,1,5344.678312500001,1.0
51105,17,11,1,530.5787647058822,2.6
52245,17,10,1,4392.344000000002,8.3
52405,6,5,1,513.3236666666667,0.6
52804,11,9,1,3367.264363636363,1.0
53205,25,17,1,12850.39192,16.4
53210,13,9,1,16969.992538461534,14.3
53215,8,6,1,12113.743125,6.1
53220,23,16,1,11233.905173913043,1.5
53225,23,19,1,3335.860347826087,5.7
53405,11,8,1,487.2632727272727,2.1
53705,27,21,1,14569.62151851851,20.6
53716,13,11,1,5518.452692307694,3.8
53726,8,8,1,493.740625,17.4
54313,18,12,1,9734.991722222225,0.2
54915,15,10,1,6339.325000000002,0.6
55103,19,17,1,4987.096157894739,17.8
55108,17,15,1,5509.108470588238,11.0
55114,16,10,1,550.6154374999999,19.7
55115,15,11,1,477.3235999999999,1.2
55123,11,10,1,10928.173181818182,2.7
55127,11,8,1,12019.083545454545,2.0
55402,19,15,1,9179.99184210526,24.5
55407,34,21,1,3437.491205882354,15.0
55412,20,14,1,7994.991400000001,14.7
55417,16,12,1,16642.492124999997,9.6
55423,16,11,1,4624.990875,7.2
55428,22,12,1,7364.0821818181785,4.8
55436,18,14,1,507.2127222222221,3.0
55441,10,7,1,10822.991400000003,4.0
55446,19,13,1,9735.255052631577,3.8
55448,21,14,1,4810.943571428572,2.7
55805,15,9,1,521.9902666666666,9.0
55811,12,11,1,21242.492916666666,1.3
57105,21,15,1,503.8002380952381,0.6
57110,12,10,1,487.49049999999994,0.5
59105,9,6,1,539.9904444444444,0.3
60193,19,17,1,541.5694736842104,4.6
60435,18,11,1,7748.047166666666,2.2
60505,22,18,1,541.3540909090908,1.3
60604,9,7,1,556.6568888888888,18.5
60609,28,18,1,5866.062535714285,23.1
60614,5,5,1,24465.994400000003,43.2
60619,18,12,1,5242.213111111111,29.8
60624,16,12,1,4571.866125,35.3
60630,21,15,1,22839.517380952377,21.5
60636,12,10,1,514.9903333333332,28.2
60641,17,11,1,561.1668235294118,21.8
60646,15,10,1,2845.991199999999,12.3
60652,6,5,1,30438.327166666666,14.7
60657,20,12,1,6230.990950000001,50.9
61605,16,13,1,2652.4913749999987,8.5
61614,9,9,1,528.8793333333333,1.0
62205,15,12,1,7386.657466666668,11.6
62711,16,11,1,533.1155,0.2
63104,25,20,1,13039.591879999998,5.7
63110,21,13,1,14891.65952380952,4.2
63116,12,10,1,15474.991666666669,6.3
63121,20,14,1,13037.992249999994,12.3
63126,16,10,1,7612.491062500001,0.9
63131,17,10,1,572.3429999999998,0.4
63136,25,17,1,11287.991719999996,12.3
63143,15,10,1,571.9906,6.1
64054,26,17,1,6316.9141538461545,1.7
64082,20,16,1,14041.7424,0.1
64101,15,10,1,520.6572666666666,0.0
64109,10,8,1,7029.4913000000015,13.5
64114,24,16,1,16657.909083333325,3.1
64125,29,17,1,3500.680689655173,2.8
64130,25,18,1,8228.39228,10.2
64136,18,13,1,5253.880111111112,0.0
64149,16,10,1,6754.9916250000015,0.0
64153,15,13,1,7200.658333333334,0.0
64504,28,19,1,8195.348428571426,0.8
65810,7,6,1,29957.136,0.0
66105,17,12,1,8155.874117647059,0.2
66112,18,12,1,519.4347222222221,1.3
66205,27,16,1,6482.214407407407,0.4
66210,31,20,1,5437.571516129029,0.3
66215,19,15,1,566.8326842105262,0.6
66220,27,20,1,14861.843962962961,0.0
66606,21,13,1,4875.2292380952385,1.1
66611,17,10,1,15642.933823529413,1.0
66617,13,9,1,8206.145692307693,0.0
67205,14,10,1,30956.779714285713,0.1
67210,11,8,1,495.8996363636363,0.6
67215,25,17,1,12987.592200000003,0.0
67220,25,16,1,5612.7915600000015,1.8
67230,28,17,1,4653.562714285715,0.0
68105,20,14,1,6903.491899999999,2.6
68110,11,6,1,3652.7187272727274,5.8
68117,16,11,1,519.990625,0.0
68124,26,18,1,4963.260192307693,0.8
68134,23,18,1,559.1208695652173,1.2
68144,11,8,1,14440.901454545454,1.3
68164,21,15,1,5281.896238095238,0.2
68505,19,14,1,5615.255210526317,0.6
68510,28,15,1,552.8475,0.6
68517,22,14,1,6006.809954545454,0.0
68524,16,14,1,9908.116562500003,0.7
68531,16,12,1,8633.7426875,0.0
70005,19,14,1,11961.044315789473,2.5
70116,19,13,1,12768.939263157892,7.6
70124,26,18,1,12718.45338461538,1.1
70129,23,16,1,9874.339391304347,4.5
70607,15,12,1,7351.9916,0.3
70805,29,18,1,9960.336379310342,4.5
70810,13,12,1,9192.299461538463,0.4
70815,19,13,1,551.5694210526315,2.7
70820,29,17,1,7796.1983103448265,3.9
71105,16,12,1,529.9905625,0.8
71115,7,7,1,489.9907142857143,0.5
72118,9,7,1,4354.435777777778,2.2
72204,27,21,1,8371.288259259258,1.7
72209,13,10,1,5509.222076923077,1.0
72916,14,8,1,497.49064285714286,0.0
73034,17,11,1,515.2847058823528,0.2
73071,17,12,1,4428.226000000002,0.7
73104,8,5,1,29106.243000000002,0.7
73109,35,21,1,4991.133914285715,0.3
73114,25,18,1,5343.991000000001,0.8
73119,14,10,1,5149.276857142858,0.4
73129,23,14,1,11756.94865217391,1.9
73135,12,9,1,466.2408333333333,0.2
73142,19,15,1,24845.25589473684,0.0
73173,18,11,1,5235.5467777777785,0.0
73179,19,15,1,1967.3595263157895,0.2
74103,24,12,2,10074.157749999998,5.4
74108,28,21,1,13530.706571428575,0.5
74116,24,18,1,9448.7415,1.0
74126,20,15,1,476.49084999999997,3.4
74133,16,12,1,4153.7411875,0.4
75044,11,8,1,7502.263818181821,2.4
75062,14,13,1,512.8477142857142,2.6
75074,14,11,1,12377.849142857143,2.1
75205,23,16,1,5504.338826086957,0.9
75210,23,16,1,9983.469521739129,11.7
75216,5,4,1,579.99,8.0
75226,13,10,1,8163.838230769231,6.0
75231,16,12,1,6517.491437500003,9.2
75236,9,6,1,577.7679999999999,2.7
75241,9,8,1,557.7683333333332,6.0
75246,20,12,1,2199.99095,10.9
75251,19,15,1,11029.465,0.0
75287,23,17,1,12774.122478260872,2.0
75605,20,12,1,6968.741299999999,0.0
75705,9,6,1,7771.658222222222,0.0
76011,15,12,1,4848.657533333333,0.2
76016,10,7,1,16205.992199999999,0.1
76105,7,7,1,521.4187142857143,1.4
76110,20,15,1,6237.4908000000005,1.1
76115,16,13,1,9324.3665,0.9
76129,15,10,1,8139.324466666669,0.0
76134,22,14,1,21747.26581818182,1.0
76205,11,10,1,6467.263909090911,1.6
76210,13,10,1,509.9908461538462,1.0
76305,18,14,1,6056.658055555555,0.0
76310,19,13,1,508.1483684210525,0.0
76544,15,14,1,10539.991666666669,0.2
76705,15,11,1,20018.65973333333,0.8
76711,25,17,1,11191.592119999998,0.1
76905,19,15,1,19405.255631578944,0.2
77005,16,10,1,12495.929,0.7
77010,13,10,1,503.0677692307693,0.0
77015,25,17,1,14138.992079999998,1.4
77020,15,11,1,10449.992,6.2
77025,12,9,1,5935.824250000002,7.3
77030,17,11,1,15425.874529411763,7.5
77035,11,7,1,529.0813636363636,5.0
77040,17,15,1,4371.7558823529425,1.6
77045,21,15,1,12336.182142857142,3.9
77050,14,9,1,10864.278214285716,0.2
77055,15,12,1,2851.9909999999995,4.0
77060,13,12,1,519.2212307692307,5.2
77065,20,16,1,20118.742949999996,1.5
77070,20,15,1,488.99065,2.1
77075,16,12,1,514.9901249999999,1.8
77080,18,14,1,2460.546388888889,2.7
77085,16,11,1,4829.366562500001,2.9
77090,13,11,1,540.7596153846154,2.7
77095,17,12,1,7277.637823529414,1.9
77346,14,10,1,543.5619285714286,1.6
77386,19,14,1,1944.7278421052627,1.3
77388,17,11,1,4553.52023529412,1.6
77493,17,13,1,11730.28588235294,1.1
77505,18,14,1,15556.103166666664,0.3
77554,14,10,1,524.9904285714284,0.4
77705,16,10,1,518.7404375,1.0
77713,10,9,1,6326.9919,0.0
78044,17,9,1,2582.34394117647,0.0
78205,12,10,1,8149.15825,2.2
78210,24,14,1,7512.491416666664,7.7
78215,18,13,1,6281.102166666667,5.8
78220,19,12,1,6548.412000000001,7.3
78225,18,16,1,4109.713222222224,4.9
78230,19,12,1,11766.30752631579,1.7
78235,20,14,1,10009.4913,0.0
78240,17,10,1,5545.285235294119,2.5
78245,14,11,1,7407.849142857143,0.8
78250,14,11,1,8909.991857142859,1.0
78255,23,16,1,11987.38308695652,0.2
78260,22,14,1,22455.219727272724,0.2
78405,18,15,1,8867.769333333328,4.5
78410,14,12,1,7619.991714285717,0.2
78415,22,12,1,578.1719545454545,1.5
78703,17,10,1,591.7550588235293,6.7
78721,24,14,1,4669.991041666669,5.9
78726,15,10,1,579.9904666666666,0.3
78732,11,7,1,12364.538636363635,0.2
78737,10,8,1,554.9906,0.0
78744,18,13,1,533.8795555555555,4.1
78749,25,19,1,5093.990800000001,0.6
78754,13,10,1,15373.069538461537,0.2
78759,13,9,1,522.2981538461538,2.4
79118,9,6,1,25900.548555555557,0.4
79410,24,16,1,3247.907875000002,0.0
79415,24,20,1,1949.1574583333322,4.6
79605,29,20,1,6739.991103448276,0.3
79699,14,10,1,11264.992,0.0
79705,14,12,1,10319.991714285714,0.5
79764,24,14,1,3235.4074166666674,0.7
79905,12,10,1,549.9899999999999,5.4
79911,20,10,2,540.9902999999999,0.0
79916,16,14,1,518.740375,0.0
79928,8,5,1,13419.991750000001,0.3
79934,16,11,1,11878.117062499996,1.5
80005,22,17,1,8878.628136363635,3.2
80015,25,19,1,7699.591159999998,2.8
80045,22,14,1,9589.991318181817,0.0
80126,22,13,1,9964.99186363636,2.4
80127,18,13,1,534.4348888888887,2.0
80204,18,16,1,6919.435222222224,11.0
80209,17,12,1,557.6374705882351,5.5
80223,15,11,1,19389.992666666665,10.0
80228,15,11,1,477.3238666666666,4.7
80235,15,11,1,541.9903333333332,2.6
80241,14,12,1,9857.134571428573,3.6
80249,22,13,1,9090.900181818184,3.8
80305,24,17,1,10717.908374999997,12.5
80310,18,14,1,5463.880444444447,14.1
80525,11,7,1,8214.536818181818,1.1
80905,9,8,1,9030.547111111113,2.9
80910,25,18,1,12184.79244,2.0
80915,16,12,1,5291.5534375000025,0.7
80920,19,15,1,3255.780421052631,0.2
80925,12,10,1,3358.324583333333,0.0
80930,21,14,1,9263.324999999997,0.0
80951,27,18,1,4754.805666666669,0.0
81005,24,17,1,9510.408583333332,1.2
81505,24,18,1,7770.407708333335,0.1
82007,11,8,1,499.9901818181817,1.1
83705,18,11,1,4132.768500000001,0.8
83716,13,9,1,516.1445384615384,0.3
84093,23,18,1,3379.555956521741,1.9
84105,13,10,1,4999.222153846154,5.1
84115,21,15,1,3821.896047619048,10.2
84120,18,13,1,3422.768833333333,4.0
84403,7,4,1,14041.420142857145,2.1
85015,24,17,1,4408.324416666667,9.1
85020,22,12,1,5968.6277272727275,2.8
85035,13,10,1,5523.068153846155,4.1
85040,6,6,1,474.98999999999995,4.7
85045,18,14,1,11145.269222222218,1.6
85053,16,13,1,5874.990875,4.1
85083,21,14,1,12302.372904761904,0.6
85205,18,15,1,3772.2131111111116,1.4
85210,23,14,1,7385.209043478259,4.0
85215,16,9,1,16284.992250000001,0.7
85255,16,13,1,9069.991875,0.4
85260,7,7,1,5478.563,0.6
85284,14,13,1,490.70478571428566,1.1
85297,13,10,1,7072.298923076923,0.3
85305,11,8,1,559.0811818181817,0.7
85383,17,14,1,10304.10911764706,0.3
85705,30,19,1,7006.324433333333,6.7
85710,18,13,1,16863.60322222222,3.6
85715,15,11,1,6211.991000000001,1.6
85737,17,15,1,9711.462470588234,0.4
85743,9,6,1,554.4346666666665,0.3
85748,23,16,1,5503.4689565217395,1.1
86305,7,5,1,518.5618571428571,0.0
87105,20,15,1,5475.9914,1.6
87110,13,11,1,513.0673076923076,2.5
87121,17,12,1,4945.873411764707,1.2
87505,12,10,1,484.9905833333333,1.4
89012,17,13,1,13325.875176470587,0.4
89074,15,10,1,554.6569999999999,0.5
89110,25,17,1,9855.591519999998,3.9
89115,17,15,1,13331.756352941176,7.4
89120,17,12,1,474.1083529411764,4.6
89130,16,12,1,5832.4910625,1.9
89135,12,9,1,504.99075,0.2
89145,20,15,1,7609.241550000001,3.8
89166,26,16,1,3521.3367692307697,0.6
89178,14,12,1,8612.848642857143,0.5
89436,8,5,1,579.990625,0.1
89510,19,13,1,11884.202421052629,0.0
89519,19,13,1,6551.043736842105,0.0
89706,20,13,1,3768.4909500000017,0.4
90005,15,12,1,2801.3244666666665,29.5
90010,19,15,1,8071.570736842104,11.5
90015,24,15,1,11937.491624999995,24.4
90020,19,15,1,7391.043894736842,17.3
90025,22,15,1,4422.717772727273,7.9
90035,21,14,1,3317.1337619047617,4.3
90040,19,15,1,13766.307684210524,3.2
90045,16,13,1,13095.617062499998,3.3
90065,23,17,1,503.03408695652166,9.4
90094,11,8,1,523.6267272727272,0.6
90305,19,14,1,15353.939157894732,4.3
90405,25,14,1,14119.591959999992,3.6
90505,26,18,1,3793.8371153846165,1.8
90605,18,12,1,6701.935944444447,2.3
90805,23,19,1,3361.295260869565,5.5
90810,11,9,1,8846.35490909091,5.8
91103,17,11,1,5561.755882352944,7.9
91205,12,8,1,3430.8244999999993,6.0
91210,13,10,1,7825.375461538461,0.0
91406,11,9,1,570.8994545454544,7.7
91411,16,9,1,14166.867187499996,7.5
91505,10,7,1,11931.4914,4.3
91606,18,13,1,482.76861111111117,8.1
91913,14,13,1,4667.133928571428,1.2
92056,20,15,1,539.9903499999999,2.8
92105,19,12,1,14397.886684210524,7.5
92110,22,12,1,576.353909090909,3.5
92115,37,23,1,9533.775378378372,6.3
92121,10,7,1,7036.991600000001,4.2
92127,10,9,1,3987.9914,0.7
92145,13,11,1,536.9137692307693,0.0
92405,22,13,1,3522.263727272727,2.0
92410,17,14,1,6830.286058823528,2.4
92505,24,17,1,7734.991124999998,2.4
92555,20,16,1,5260.990850000002,1.3
92612,18,11,1,2426.935388888889,0.8
92648,25,16,1,10403.99196,1.1
92662,18,15,1,497.76811111111107,0.0
92705,24,16,1,4086.4491666666668,2.0
92805,13,12,1,3251.5296153846148,4.6
92835,11,8,1,3671.8093636363633,1.5
92844,15,12,1,15651.9922,1.1
92867,13,12,1,2659.9910769230773,2.0
92883,24,17,1,516.240375,1.7
93111,13,11,1,5516.914307692307,2.8
93291,7,4,1,548.561857142857,0.7
93305,27,16,1,1789.6207037037034,2.3
93311,11,9,1,509.08118181818173,0.8
93591,12,8,1,11618.325583333333,1.3
93704,19,12,1,7045.25505263158,2.1
93721,13,10,1,539.2211538461538,1.6
93726,7,5,1,29077.135857142854,5.1
93907,20,15,1,8008.991350000002,0.6
94089,20,13,1,563.9900999999999,4.7
94105,20,15,1,8190.991749999999,20.9
94110,22,13,1,3525.89981818182,38.5
94116,31,18,1,1404.5070322580639,29.7
94121,21,14,1,9078.562904761904,31.7
94132,21,15,1,533.8001904761904,30.4
94544,17,13,1,4335.873470588237,8.9
94605,15,13,1,10112.325133333332,12.5
94611,19,15,1,11965.254526315788,20.6
94705,25,17,1,1648.3905999999997,25.3
95054,22,14,1,5731.3547727272735,2.8
95064,16,12,1,18278.118249999996,14.1
95113,20,13,1,8522.99195,16.3
95118,15,11,1,13444.325933333332,2.7
95123,22,14,1,520.4449545454544,3.5
95128,19,14,1,14949.465631578945,3.3
95133,26,18,1,16063.069538461537,3.7
95138,30,18,1,2712.324033333335,4.0
95205,14,12,1,12538.205999999996,1.0
95210,14,8,1,7878.562571428571,2.1
95219,33,23,1,8437.56706060606,1.2
95354,13,10,1,15552.300384615384,1.1
95405,20,14,1,6348.2413,1.3
95818,11,10,1,12307.264818181819,5.2
95823,7,3,2,552.8475714285714,2.8
95828,14,11,1,560.3475,2.4
95833,15,14,1,7197.324866666668,2.8
95838,13,10,1,10782.30046153846,3.4
95973,18,13,1,9849.991499999998,0.7
96815,17,13,1,2595.8729999999987,11.3
96825,10,7,1,9078.9916,3.1
97201,18,11,1,10479.435833333335,20.0
97206,13,8,1,502.2982307692307,11.7
97211,8,8,1,19237.4925,11.6
97216,19,12,1,5729.991368421054,15.5
97221,7,5,1,557.1331428571428,3.7
97229,17,15,1,5892.343882352944,5.0
97232,26,17,1,5271.145192307692,18.1
97306,19,14,1,12650.78184210526,2.3
97405,30,22,1,509.6569666666665,4.9
98008,18,15,1,6659.713833333334,8.7
98042,17,13,1,4402.343588235294,3.8
98104,22,14,1,14402.94640909091,26.9
98109,28,19,1,5854.991142857142,22.6
98115,23,15,1,11532.165869565217,19.7
98121,12,8,1,9131.658000000001,16.6
98133,36,21,1,538.3239166666667,17.6
98148,19,14,1,14396.834157894733,11.1
98166,13,9,1,19501.53176923077,8.1
98405,17,12,1,3973.520647058823,8.6
98424,15,14,1,503.9904666666666,3.5
98447,21,11,1,10008.56280952381,0.0
98498,24,14,1,10888.325416666667,5.2
98506,13,11,1,21431.53176923077,3.6
98516,25,17,1,11404.191759999994,1.1
98664,25,14,1,10059.591560000003,2.7
98682,16,9,1,7665.6163750000005,1.5
99205,25,18,1,9594.791759999995,4.1
99507,29,19,1,6635.681379310343,0.7
99517,16,13,1,7689.991125000001,1.9
99709,18,13,1,6897.21288888889,0.7
